{
    "sharpe": -1.4943151751102017,
    "annual_return": -0.6356516408936755,
    "max_drawdown": -2.4811019011807676,
    "information_ratio": -2.0322364636526635,
    "annual_excess_return": -0.7051912322171733,
    "excess_max_drawdown": -2.8494622543021135
}